DL_bitrate_SMOOTH,PINGAVG_SMOOTH,PINGLOSS_SMOOTH
5502.6,68,0.0
7911.6,68,0.0
10525.6,68,0.0
12995.2,68,0.0
14545.4,68,0.0
13009.2,68,0.0
15192.0,68,0.0
17537.8,68,0.0
17538.4,68,0.0
15159.0,68,0.0
12023.0,68,0.0
9261.0,68,0.0
6847.0,68,0.0
8996.6,68,0.0
11366.6,68,0.0
11749.8,68,0.0
12123.0,68,0.0
11657.0,69,0.0
11768.2,69,0.0
10343.2,69,0.0
8132.2,69,0.0
5610.8,69,0.0
5562.6,69,0.0
10393.6,69,0.0
13572.4,69,0.0
17536.6,69,0.0
20139.2,69,0.0
22431.6,69,0.0
22533.4,68,0.0
24503.0,68,0.0
21635.0,68,0.0
17778.6,68,0.0
12931.4,68,0.0
10217.8,68,0.0
10535.6,68,0.0
12182.0,68,0.0
15212.6,68,0.0
15796.0,68,0.0
16367.8,68,0.0
19085.8,68,0.0
23399.8,68,0.0
20159.6,68,0.0
16914.8,68,0.0
13795.0,68,0.0
10701.6,68,0.0
9870.2,67,0.0
12603.2,67,0.0
14753.2,67,0.0
15453.2,67,0.0
15734.4,67,0.0
16062.8,67,0.0
15744.0,66,0.0
15364.0,66,0.0
14029.0,66,0.0
10610.6,66,0.0
7192.2,66,0.0
6890.2,66,0.0
8411.6,66,0.0
11378.4,66,0.0
13963.8,66,0.0
15810.8,67,0.0
17680.6,67,0.0
20382.4,67,0.0
23307.6,67,0.0
26357.6,67,0.0
25607.6,68,0.0
20370.2,68,0.0
8845.8,68,0.0
4624.0,69,0.0
10191.2,69,0.0
13224.8,69,0.0
14335.6,69,0.0
13458.2,69,0.0
14911.4,69,0.0
15572.6,69,0.0
16385.2,69,0.0
16244.4,69,0.0
10146.6,69,0.0
25676.8,69,0.0
81241.0,69,0.0
113226.2,69,0.0
145514.4,69,0.0
158426.2,69,0.0
157895.2,69,0.0
159188.4,69,0.0
155275.8,69,0.0
134799.0,69,0.0
104506.8,69,0.0
72174.2,69,0.0
68592.6,69,0.0
68404.4,69,0.0
76470.6,69,0.0
84888.2,69,0.0
35297.4,69,0.0
32138.4,68,0.0
26507.4,68,0.0
21808.2,68,0.0
19525.0,68,0.0
19267.6,68,0.0
18462.8,67,0.0
10280.8,67,0.0
10480.0,67,0.0
10885.6,67,0.0
13381.8,67,0.0
17068.2,68,0.0
20201.2,68,0.0
20837.0,69,0.0
21422.8,69,0.0
23297.6,69,0.0
24218.6,70,0.0
23231.0,70,0.0
21244.4,71,0.0
16150.4,71,0.0
11644.4,71,0.0
8479.4,72,0.0
6106.8,72,0.0
6985.4,72,0.0
15752.4,72,0.0
18461.4,71,0.0
21524.0,71,0.0
17718.8,71,0.0
14191.8,71,0.0
11409.8,70,0.0
8497.2,70,0.0
7643.2,70,0.0
6414.2,69,0.0
5185.2,69,0.0
7290.8,69,0.0
9625.2,69,0.0
10523.6,68,0.0
13976.8,68,0.0
18402.2,68,0.0
19134.2,68,0.0
19777.2,68,0.0
18698.4,68,0.0
16541.0,68,0.0
14517.4,68,0.0
13058.0,68,0.0
10055.6,68,0.0
7681.4,68,0.0
6516.2,68,0.0
9477.6,68,0.0
13112.4,68,0.0
16777.2,69,0.0
18297.0,69,0.0
21820.4,69,0.0
22811.6,69,0.0
21785.0,69,0.0
20352.2,70,0.0
16292.4,70,0.0
10712.0,70,0.0
6840.0,70,0.0
7979.6,70,0.0
11547.8,70,0.0
15060.6,70,0.0
19594.0,70,0.0
20596.0,70,0.0
20958.0,70,0.0
19860.8,69,0.0
18852.2,69,0.0
17528.6,69,0.0
13628.8,69,0.0
10184.0,69,0.0
7935.6,69,0.0
5677.4,68,0.0
8853.6,68,0.0
10953.2,68,0.0
13475.8,68,0.0
14411.2,68,0.0
13794.2,67,0.0
13558.0,67,0.0
11530.8,67,0.0
8107.4,67,0.0
8812.4,67,0.0
15368.4,67,0.0
18854.6,67,0.0
22340.8,67,0.0
22011.2,67,0.0
19761.8,67,0.0
21474.6,67,0.0
21030.4,67,0.0
18496.0,67,0.0
13735.0,67,0.0
9367.0,67,0.0
4096.0,67,0.0
9364.8,68,0.0
16068.2,68,0.0
20629.6,68,0.0
17923.0,68,0.0
17115.0,68,0.0
18503.8,68,0.0
19188.0,68,0.0
14811.2,68,0.0
12939.0,68,0.0
9754.6,68,0.0
8388.4,67,0.0
11916.0,67,0.0
15172.8,67,0.0
17260.4,67,0.0
16702.8,67,0.0
16180.0,67,0.0
17100.4,67,0.0
18383.4,67,0.0
20589.0,67,0.0
17542.0,67,0.0
14292.0,67,0.0
10972.8,67,0.0
8721.8,67,0.0
7200.4,67,0.0
10459.6,67,0.0
14018.4,67,0.0
14816.6,67,0.0
14786.0,67,0.0
14574.4,67,0.0
14383.0,67,0.0
12956.8,67,0.0
10811.8,67,0.0
8368.8,67,0.0
7933.6,67,0.0
8086.8,67,0.0
8348.6,67,0.0
10743.0,67,0.0
13868.8,67,0.0
14331.4,67,0.0
13639.4,67,0.0
13027.2,67,0.0
12943.2,67,0.0
13638.8,67,0.0
14837.4,67,0.0
13785.2,67,0.0
12003.2,67,0.0
8318.0,67,0.0
10035.8,68,0.0
12159.2,68,0.0
15289.4,68,0.0
15173.0,68,0.0
15548.2,68,0.0
16137.2,68,0.0
17746.4,68,0.0
16606.4,68,0.0
14775.0,68,0.0
11691.0,68,0.0
7484.0,68,0.0
3981.6,68,0.0
3744.8,68,0.0
5577.6,68,0.0
8026.8,68,0.0
10580.8,68,0.0
11151.6,68,0.0
13596.0,68,0.0
15210.6,69,0.0
15829.2,69,0.0
17753.8,69,0.0
14431.2,69,0.0
11310.6,69,0.0
8891.2,69,0.0
5129.6,79,5.3
8132.2,89,10.7
7316.8,94,13.3
6499.2,99,16.0
3005.2,104,18.7
6478.2,119,26.7
6478.4,124,29.3
6478.6,129,32.0
5874.4,134,34.7
3798.0,138,37.3
16427.2,133,34.7
72603.2,123,29.3
104993.8,118,26.7
136364.6,113,24.0
158305.0,108,21.3
167146.4,103,18.7
169945.2,98,16.0
169214.0,93,13.3
134213.6,88,10.7
99644.2,83,8.0
68662.8,78,5.3
18711.8,67,0.0
45970.2,67,0.0
104640.4,67,0.0
133521.0,67,0.0
150957.0,67,0.0
154255.0,67,0.0
154236.0,67,0.0
155966.0,67,0.0
124397.4,67,0.0
96308.0,67,0.0
68882.0,67,0.0
41923.6,67,0.0
12741.2,67,0.0
16635.2,67,0.0
30689.8,67,0.0
61939.4,67,0.0
91369.6,67,0.0
120524.2,67,0.0
151057.8,67,0.0
154214.4,67,0.0
87077.8,67,0.0
75113.6,67,0.0
90707.0,68,0.0
125463.8,68,0.0
159956.0,68,0.0
173451.8,68,0.0
169924.4,68,0.0
170268.0,68,0.0
170353.0,68,0.0
169723.8,68,0.0
164185.8,68,0.0
160095.4,68,0.0
124994.8,68,0.0
90417.4,68,0.0
64560.4,68,0.0
73656.6,67,0.0
105954.0,67,0.0
138683.2,67,0.0
163978.8,67,0.0
166581.6,67,0.0
167254.2,67,0.0
168861.0,67,0.0
169811.2,66,0.0
166047.6,66,0.0
131516.0,66,0.0
97644.6,66,0.0
65344.0,66,0.0
8828.4,66,0.0
12836.4,66,0.0
17017.0,66,0.0
25035.2,67,0.0
51248.8,67,0.0
71933.6,67,0.0
99884.8,68,0.0
125912.8,68,0.0
144927.4,68,0.0
142958.6,68,0.0
146000.8,69,0.0
63864.8,69,0.0
39775.0,69,0.0
16009.6,69,0.0
20182.2,69,0.0
20264.0,69,0.0
19876.0,68,0.0
24186.4,68,0.0
67247.4,68,0.0
86369.2,68,0.0
85533.4,67,0.0
80720.0,67,0.0
57833.8,67,0.0
12399.0,67,13.3
12381.0,67,20.0
16495.4,67,33.3
17200.4,67,40.0
17751.4,67,46.7
17825.6,67,53.3
17106.2,67,60.0
15483.4,68,66.7
11976.6,68,73.3
8623.8,69,80.0
5394.6,69,86.7
2453.0,70,93.3
3133.6,71,86.7
5853.0,71,80.0
12072.2,72,66.7
15249.8,73,60.0
14954.0,73,53.3
14232.8,74,46.7
12797.0,75,40.0
13134.0,75,33.3
11375.4,75,20.0
9502.6,75,13.3
7629.8,75,6.7
5368.4,75,0.0
3723.0,74,0.0
4654.8,74,0.0
5145.0,74,0.0
4918.4,74,0.0
5495.0,74,0.0
5627.6,74,0.0
6497.2,73,0.0
8145.8,73,0.0
9995.4,73,0.0
9681.0,73,0.0
8403.8,73,0.0
6356.8,73,0.0
5263.4,72,0.0
5189.8,72,0.0
5926.2,72,0.0
6915.0,72,0.0
10920.8,71,0.0
19691.0,71,0.0
26612.0,71,0.0
26621.4,71,0.0
26844.0,71,0.0
21813.2,70,0.0
11107.4,70,0.0
3434.8,70,0.0
4581.8,103,2.7
5013.0,120,4.0
6437.0,136,5.3
7183.4,153,6.7
6702.2,170,8.0
5872.8,187,9.3
4899.2,220,12.0
4169.2,237,13.3
3761.0,254,14.7
2753.0,270,16.0
1596.0,287,17.3
1869.0,304,18.7
1723.0,288,17.3
4000.0,272,16.0
5091.4,256,14.7
6148.4,240,13.3
6612.4,224,12.0
8098.8,208,10.7
7646.2,191,9.3
6778.4,159,6.7
5191.6,143,5.3
3636.2,127,4.0
2607.2,111,2.7
4784.2,78,0.0
6720.8,77,0.0
8266.8,77,0.0
9588.4,76,0.0
8593.2,75,0.0
8108.6,75,0.0
8625.0,74,0.0
9914.2,74,0.0
8405.2,73,0.0
7406.4,73,0.0
5954.2,72,0.0
4612.2,72,0.0
6488.8,71,0.0
9187.2,71,0.0
10773.0,71,0.0
11638.2,71,0.0
9279.4,71,0.0
10275.8,71,0.0
9270.4,71,0.0
9269.2,71,0.0
9453.8,71,0.0
8258.8,71,0.0
4866.2,71,0.0
4285.8,71,0.0
2701.6,71,0.0
1340.4,71,0.0
11220.8,72,0.0
17646.8,74,0.0
22524.8,75,0.0
24282.0,77,0.0
25199.8,79,0.0
22043.4,80,0.0
17385.6,82,0.0
15272.6,83,0.0
14941.2,85,0.0
15676.8,87,0.0
17001.0,88,0.0
12467.4,91,0.0
10456.8,93,0.0
7401.2,93,0.0
10578.8,92,0.0
14125.6,91,0.0
16939.4,90,0.0
17989.0,87,0.0
18162.0,86,0.0
16642.6,85,0.0
15101.6,84,0.0
13657.8,83,0.0
11329.8,81,0.0
6185.8,79,0.0
5129.4,78,0.0
5071.4,77,0.0
6562.2,77,0.0
8913.0,77,0.0
9885.4,77,0.0
10413.2,77,0.0
10493.2,77,0.0
9637.8,77,0.0
9786.8,77,0.0
9693.8,77,0.0
9672.6,77,0.0
7984.6,77,0.0
5279.0,77,0.0
4200.4,77,0.0
5317.0,77,0.0
10019.2,78,0.0
15213.4,78,0.0
19821.0,78,0.0
22906.2,78,0.0
23424.8,78,0.0
18827.0,79,0.0
12737.6,79,0.0
7635.0,79,0.0
5281.0,79,0.0
5504.4,80,0.0
6609.0,80,0.0
7299.0,80,0.0
6720.4,80,0.0
6998.2,80,0.0
4282.0,80,0.0
3575.0,80,0.0
3388.0,80,0.0
1719.8,80,0.0
1670.6,80,0.0
2264.4,80,0.0
3314.6,79,0.0
4884.6,79,0.0
6448.2,78,0.0
8389.0,78,0.0
9973.0,78,0.0
11862.6,77,0.0
12900.8,77,0.0
13827.8,77,0.0
13152.0,76,0.0
10219.0,76,0.0
7047.8,76,0.0
5116.2,75,0.0
3168.8,75,0.0
5234.2,75,0.0
8357.6,76,0.0
10036.8,77,0.0
10891.4,77,0.0
12316.8,77,0.0
14978.8,78,0.0
17647.6,78,0.0
20406.2,79,0.0
17736.8,79,0.0
14245.6,79,0.0
9971.2,80,0.0
3119.0,81,0.0
5048.0,81,0.0
7188.2,81,0.0
9345.2,82,0.0
10200.0,82,0.0
11181.6,82,0.0
12361.8,82,0.0
12755.2,82,0.0
13293.0,83,0.0
11369.6,83,0.0
8917.0,83,0.0
6431.6,83,0.0
4909.2,83,0.0
6692.8,82,0.0
7566.4,81,0.0
8191.8,81,0.0
8436.6,80,0.0
7888.2,79,0.0
8067.8,78,0.0
9706.4,78,0.0
10444.2,77,0.0
10441.6,76,0.0
9004.6,75,0.0
5268.2,74,0.0
5074.6,73,0.0
6689.6,73,0.0
7889.6,73,0.0
8565.6,73,0.0
8467.4,74,0.0
8699.6,74,0.0
9042.6,74,0.0
20251.2,74,0.0
23963.0,75,0.0
22006.0,75,0.0
19882.6,75,0.0
12697.0,75,0.0
8940.0,75,0.0
5638.6,76,0.0
8006.0,76,0.0
10418.4,77,0.0
12165.0,78,0.0
12493.0,78,0.0
12625.2,79,0.0
12845.6,79,0.0
15210.2,80,0.0
21691.2,80,0.0
27957.6,81,0.0
25457.8,81,0.0
18765.8,82,0.0
12047.4,82,1.3
6775.2,81,4.0
9288.8,81,5.3
10992.8,80,6.7
11730.8,80,8.0
13433.0,79,9.3
15195.4,79,10.7
15270.2,78,12.0
14480.8,78,13.3
11591.8,77,14.7
8026.6,77,16.0
4984.6,76,17.3
5434.6,76,17.3
9447.2,77,16.0
11510.6,77,14.7
13879.2,77,13.3
14462.6,78,12.0
13227.4,78,10.7
12655.4,78,9.3
13316.4,79,8.0
13070.0,79,6.7
9448.2,79,5.3
7368.8,80,4.0
6095.0,80,2.7
9660.2,80,1.3
14456.0,80,0.0
17585.0,80,0.0
18717.4,79,0.0
14345.0,79,0.0
13330.8,79,0.0
13677.6,78,0.0
15065.6,78,0.0
17567.0,78,0.0
19892.2,77,0.0
16968.0,77,0.0
9160.0,76,0.0
8213.2,76,0.0
11907.8,76,0.0
16211.4,76,0.0
21118.4,76,0.0
23489.8,76,0.0
25149.6,76,0.0
27236.6,77,0.0
29204.6,77,0.0
24057.6,77,0.0
18548.0,77,0.0
13183.6,77,0.0
11284.0,77,0.0
16100.4,78,0.0
22301.8,78,0.0
28346.8,78,0.0
31465.8,78,0.0
30759.2,78,0.0
28308.8,78,0.0
25449.8,78,0.0
22684.2,78,0.0
16147.8,78,0.0
11713.2,78,0.0
7712.2,78,0.0
5178.4,78,0.0
7603.6,79,0.0
10019.0,79,0.0
12432.2,80,0.0
13981.4,80,0.0
15399.8,81,0.0
17060.8,81,0.0
22209.8,82,0.0
19380.8,83,0.0
16551.8,83,0.0
12741.6,84,0.0
8100.6,84,0.0
3434.4,84,0.0
2454.8,83,0.0
3338.8,83,0.0
4331.4,82,0.0
4950.6,82,0.0
6137.0,81,0.0
6848.0,81,0.0
7235.4,80,0.0
6784.6,80,0.0
5487.2,79,0.0
4189.8,79,0.0
2893.4,78,0.0
1484.2,78,0.0
7626.4,78,0.0
12930.4,78,0.0
18417.2,78,0.0
24800.8,78,0.0
27129.2,78,0.0
28060.2,78,0.0
25249.4,78,0.0
22312.6,78,0.0
18035.0,78,0.0
9031.8,78,0.0
6413.0,78,0.0
5636.0,78,0.0
6332.4,78,0.0
7747.8,78,0.0
9967.6,78,0.0
10246.2,78,0.0
10049.8,78,0.0
12105.8,78,0.0
14097.8,78,0.0
12305.8,78,0.0
10613.2,78,0.0
8597.6,78,0.0
6345.2,78,0.0
6074.4,78,0.0
8811.8,79,0.0
12711.0,79,0.0
15768.2,79,0.0
18964.0,79,0.0
21905.6,80,0.0
24603.8,80,0.0
26499.6,80,0.0
28775.0,80,0.0
23815.4,81,0.0
18304.6,81,0.0
13099.8,81,0.0
3198.2,81,0.0
4847.4,81,0.0
6882.8,80,0.0
8008.0,80,0.0
8638.0,80,0.0
9388.6,79,0.0
9791.4,79,0.0
9808.0,79,0.0
10710.6,78,0.0
10223.2,78,0.0
8308.4,77,0.0
7506.4,77,0.0
7234.6,78,0.0
8678.6,78,0.0
10421.4,79,0.0
12072.8,79,0.0
12346.6,80,0.0
13340.4,80,0.0
15724.0,81,0.0
14310.8,81,0.0
11876.2,82,0.0
8789.2,82,0.0
7789.4,83,0.0
9389.8,84,0.0
13610.6,84,0.0
18352.8,84,0.0
15565.0,84,0.0
12839.8,84,0.0
10776.0,84,0.0
6091.8,84,0.0
3461.4,84,0.0
5268.0,84,0.0
4976.6,84,0.0
5330.6,84,1.3
3381.0,85,4.0
7887.6,85,5.3
12373.2,85,6.7
14456.0,85,8.0
17829.2,85,9.3
19373.6,85,10.7
19989.0,85,12.0
15590.6,85,13.3
13234.4,85,14.7
9103.2,85,16.0
2866.8,83,16.0
4350.0,83,16.0
6512.0,82,14.7
8471.8,81,13.3
9845.6,81,12.0
10911.8,80,10.7
12963.2,79,8.0
13253.2,78,6.7
11352.0,77,5.3
9061.8,77,4.0
6083.2,76,2.7
5848.0,76,1.3
6657.6,76,0.0
11035.4,77,0.0
16281.2,77,0.0
21141.6,78,0.0
23242.4,79,0.0
24789.2,79,0.0
24860.8,80,0.0
23591.0,81,0.0
19425.6,81,0.0
15427.8,82,0.0
10695.4,83,0.0
7084.0,83,0.0
6770.8,82,0.0
10735.0,81,0.0
23033.6,79,0.0
34295.8,78,0.0
53834.4,76,0.0
61783.8,74,0.0
61424.6,73,0.0
56146.4,72,0.0
44618.6,71,0.0
31892.0,69,0.0
20774.2,68,0.0
12511.8,67,0.0
9787.6,66,0.0
14102.0,66,0.0
38597.4,66,0.0
91105.4,66,0.0
156538.6,66,0.0
219277.0,66,0.0
279882.0,66,0.0
316517.6,66,0.0
262488.6,66,0.0
193217.6,66,0.0
129523.0,66,0.0
71525.0,66,0.0
17259.2,66,0.0
24228.8,66,0.0
31865.2,66,0.0
35895.4,66,0.0
36615.0,66,0.0
36661.4,66,0.0
37529.6,66,0.0
36978.6,66,0.0
33566.6,66,0.0
25925.8,66,0.0
19014.4,66,0.0
15415.4,66,0.0
14086.8,66,0.0
19231.4,66,0.0
39735.4,66,0.0
67484.6,66,0.0
98262.4,66,0.0
128322.8,66,0.0
157441.2,66,0.0
170771.2,66,0.0
159559.4,66,0.0
144723.0,66,0.0
109655.4,66,0.0
81279.8,67,0.0
53507.0,68,0.0
39463.6,69,0.0
25104.2,69,0.0
30844.4,70,0.0
30483.8,71,0.0
30140.0,71,0.0
28909.2,72,0.0
27994.4,73,0.0
27858.0,73,0.0
22330.8,74,0.0
16613.0,75,0.0
11921.2,75,0.0
9673.2,76,0.0
14646.6,75,0.0
19466.8,74,0.0
23525.0,74,0.0
24220.0,73,0.0
24429.8,72,0.0
24145.6,71,0.0
27882.6,71,0.0
54496.0,70,0.0
50666.8,69,0.0
46739.8,68,0.0
43055.2,68,0.0
10672.8,66,0.0
13699.0,66,0.0
16693.2,66,0.0
19468.0,66,0.0
19910.4,66,0.0
20027.2,66,0.0
19736.6,66,0.0
19746.8,66,0.0
19641.8,66,0.0
15607.4,66,0.0
11670.4,66,0.0
9692.4,66,0.0
12303.4,66,0.0
14532.4,66,0.0
20309.4,66,0.0
25794.6,66,0.0
29890.8,66,0.0
29313.4,66,0.0
28797.2,66,0.0
28797.6,66,0.0
29089.8,66,0.0
29194.2,66,0.0
23308.4,66,0.0
14521.6,66,0.0
15053.0,66,0.0
15166.6,68,0.0
19147.4,69,0.0
20586.4,70,0.0
19714.4,71,0.0
15123.6,72,0.0
10957.6,73,0.0
15659.2,76,0.0
19888.6,77,0.0
24764.8,78,0.0
29448.6,79,0.0
23306.0,80,0.0
13470.4,82,0.0
8886.6,83,0.0
11757.2,83,0.0
13172.4,83,0.0
15665.0,83,0.0
17552.6,83,0.0
17363.8,83,0.0
19018.0,83,0.0
22011.6,83,0.0
22378.8,83,0.0
19717.8,83,0.0
16100.6,83,0.0
10396.0,83,0.0
7738.6,83,0.0
6182.0,83,0.0
5605.8,83,0.0
5892.8,83,0.0
6026.6,83,0.0
6163.0,83,0.0
6726.2,83,0.0
7866.0,83,0.0
7371.6,83,0.0
5712.8,83,0.0
4193.2,83,0.0
3964.0,83,0.0
5081.8,84,0.0
6596.4,85,0.0
8305.2,85,0.0
8634.6,86,0.0
9281.4,86,0.0
10159.6,87,0.0
10062.6,87,0.0
12573.4,88,0.0
14024.6,88,0.0
13793.4,89,0.0
13015.8,89,0.0
13213.4,90,0.0
8806.2,87,0.0
9274.8,86,0.0
8820.2,84,0.0
9971.6,83,0.0
8486.0,81,0.0
6591.6,79,0.0
4737.2,78,0.0
3365.8,76,0.0
2555.6,75,0.0
1992.6,73,0.0
1391.6,71,0.0
1744.2,70,0.0
2696.2,69,0.0
3045.4,69,0.0
3501.2,69,0.0
4232.4,70,0.0
3925.8,71,0.0
4135.8,71,0.0
5391.0,72,0.0
6539.6,73,0.0
7189.6,73,0.0
10506.2,75,0.0
8652.0,75,0.0
7996.8,76,0.0
8086.0,76,0.0
7986.4,76,0.0
9053.6,76,0.0
9047.2,76,0.0
8976.2,76,0.0
8247.2,75,0.0
7002.6,75,0.0
6086.0,75,0.0
2950.6,75,0.0
1822.0,75,0.0
1059.4,75,0.0
1472.6,76,0.0
2216.0,77,0.0
2667.0,77,0.0
3056.8,78,0.0
4479.6,78,0.0
5091.8,79,0.0
5825.6,79,0.0
6106.2,80,0.0
6082.0,80,0.0
4003.2,81,0.0
4293.4,80,0.0
3452.8,79,0.0
3595.4,78,0.0
5199.8,77,0.0
6350.6,76,0.0
8901.0,75,0.0
11395.0,73,0.0
14245.8,72,0.0
14721.8,71,0.0
12756.8,70,0.0
10131.0,69,0.0
9100.2,68,0.0
10567.2,95,0.0
13690.4,109,0.0
16909.6,124,0.0
18289.6,139,0.0
18246.8,153,0.0
27417.0,168,0.0
76470.6,197,0.0
81781.0,212,0.0
78057.4,226,0.0
65355.6,241,0.0
40544.6,246,0.0
954.4,258,0.0
1312.4,249,0.0
1725.4,240,0.0
2115.8,231,0.0
2103.0,222,0.0
2313.2,214,0.0
2532.4,205,0.0
2457.8,196,0.0
1973.6,187,0.0
1483.4,178,0.0
932.2,169,0.0
273.0,152,0.0
375.2,152,0.0
426.2,153,0.0
595.8,153,0.0
725.0,153,0.0
835.6,153,0.0
995.4,153,0.0
1143.2,154,0.0
958.2,154,0.0
704.6,154,0.0
665.4,150,0.0
1088.8,141,0.0
1757.6,137,0.0
2168.6,133,0.0
3434.4,128,0.0
6373.2,124,0.0
8427.0,119,0.0
10113.0,115,0.0
13269.6,111,0.0
15368.8,106,0.0
15103.2,102,0.0
14569.6,97,0.0
14798.4,86,0.0
14147.6,86,0.0
14157.4,85,0.0
15686.8,84,0.0
17691.4,83,0.0
16934.4,83,0.0
16912.0,82,0.0
15497.0,81,0.0
12361.6,80,0.0
8015.0,80,0.0
5951.6,79,0.0
4028.4,78,0.0
4001.2,78,0.0
4993.6,78,0.0
5719.4,78,0.0
6375.8,78,0.0
6450.6,78,0.0
6654.0,79,0.0
6184.2,79,0.0
5979.0,79,0.0
4351.4,79,0.0
3076.2,79,0.0
2470.8,79,0.0
2131.4,79,0.0
2368.8,79,0.0
3438.6,79,0.0
3852.6,79,0.0
7294.8,78,0.0
9505.0,78,0.0
11787.2,78,0.0
11711.2,78,0.0
15802.6,78,0.0
13416.8,77,0.0
12357.4,77,0.0
10689.6,76,0.0
6881.6,74,0.0
6061.6,74,0.0
5241.6,73,0.0
5409.6,72,0.0
5958.2,71,0.0
5244.0,70,0.0
4484.6,69,0.0
3203.8,68,0.0
2011.4,68,0.0
1117.4,67,0.0
2172.6,69,0.0
3603.2,71,0.0
4880.2,74,0.0
5745.8,77,0.0
6539.6,80,0.0
7846.4,82,0.0
7867.4,85,0.0
8012.4,88,0.0
8398.6,91,0.0
7627.4,94,0.0
5033.2,96,0.0
3582.4,99,0.0
3085.4,99,0.0
4201.0,100,0.0
6206.4,97,0.0
11253.0,94,0.0
20319.0,92,0.0
31147.8,89,0.0
42808.6,86,0.0
58661.2,84,0.0
56594.0,81,0.0
49227.4,78,0.0
36939.6,76,0.0
23980.4,73,0.0
5153.4,67,0.0
5663.2,67,0.0
10834.2,67,0.0
17540.6,67,0.0
25602.0,67,0.0
33742.4,67,0.0
43432.8,67,0.0
57409.4,67,0.0
51848.8,67,0.0
44741.8,67,0.0
38135.8,67,0.0
16868.8,66,0.0
21759.0,66,0.0
51936.2,66,0.0
88059.8,66,0.0
116073.4,66,0.0
146096.6,66,0.0
182223.0,65,0.0
196950.6,65,0.0
185994.6,65,0.0
152667.0,65,0.0
116855.2,65,0.0
77523.8,65,0.0
14841.8,65,0.0
21037.8,65,0.0
27141.4,65,0.0
29815.0,65,0.0
60041.2,65,0.0
90244.0,65,0.0
121320.0,65,0.0
157378.8,65,0.0
176488.0,65,0.0
140583.8,65,0.0
104091.8,65,0.0
71163.6,65,0.0
34766.0,65,0.0
15963.8,66,0.0
22166.0,66,0.0
49619.2,66,0.0
81428.2,66,0.0
111816.2,66,0.0
143638.0,66,0.0
191194.8,66,0.0
193910.4,66,0.0
158947.0,66,0.0
122461.0,66,0.0
80106.2,66,0.0
45104.0,66,0.0
10079.2,66,0.0
12891.8,66,0.0
12561.0,66,0.0
12562.6,66,0.0
8709.8,66,0.0
4872.4,66,0.0
9245.6,66,0.0
34095.6,66,0.0
55132.8,66,0.0
55126.2,66,0.0
52861.4,66,0.0
45892.0,66,0.0
8671.8,66,0.0
14102.6,66,0.0
31434.4,66,0.0
48765.8,66,0.0
72479.0,66,0.0
113388.6,66,0.0
122533.6,66,0.0
130182.2,66,0.0
122430.0,66,0.0
95727.6,66,0.0
70668.4,66,0.0
49043.6,66,0.0
49241.4,66,0.0
73834.4,66,0.0
99009.6,66,0.0
121084.8,66,0.0
127626.8,66,0.0
130498.2,66,0.0
132381.2,66,0.0
133571.0,66,0.0
130484.2,66,0.0
103552.2,66,0.0
76682.2,66,0.0
52193.4,66,0.0
9583.2,65,0.0
11694.2,65,0.0
13805.2,65,0.0
14604.8,65,0.0
15218.4,65,0.0
38021.0,65,0.0
50612.6,65,0.0
62527.6,65,0.0
68893.2,65,0.0
55041.6,65,0.0
39990.2,65,0.0
28162.8,65,0.0
12874.8,65,0.0
17685.8,65,0.0
22641.2,65,0.0
24196.6,65,0.0
23488.4,65,0.0
31560.8,65,0.0
53694.6,66,0.0
75569.6,66,0.0
91038.6,66,0.0
86304.0,66,0.0
73676.2,66,0.0
50195.4,66,0.0
28794.2,66,0.0
14531.4,67,0.0
19909.8,67,0.0
25146.4,67,0.0
27368.2,67,0.0
27812.6,67,0.0
26991.4,67,0.0
39965.8,67,0.0
58993.4,67,0.0
68774.6,67,0.0
62901.0,67,0.0
58085.6,67,0.0
42888.6,67,0.0
13527.2,66,0.0
19399.6,66,0.0
25071.4,66,0.0
24872.8,66,0.0
21053.8,66,0.0
19652.0,66,0.0
16655.2,65,0.0
10985.2,65,0.0
8058.8,65,0.0
6481.0,65,0.0
2910.0,65,0.0
2477.2,65,0.0
9460.8,65,0.0
13025.2,65,0.0
16359.4,65,0.0
14110.6,65,0.0
12384.2,65,0.0
11438.8,66,0.0
11226.4,66,0.0
8127.8,66,0.0
8169.4,66,0.0
6782.4,66,0.0
8314.2,66,0.0
9508.2,66,0.0
13556.0,66,0.0
28001.2,66,0.0
53230.6,66,0.0
75117.8,66,0.0
96819.0,66,0.0
121045.4,66,0.0
170271.4,66,0.0
147314.0,66,0.0
123890.2,66,0.0
99879.2,66,0.0
20731.4,128,8.0
24721.0,159,12.0
41249.0,190,16.0
101120.2,222,20.0
149310.6,253,24.0
205147.8,284,28.0
275654.0,315,32.0
262150.8,346,36.0
200043.0,378,40.0
145171.4,409,44.0
82746.0,440,48.0
5637.8,440,48.0
25948.2,440,48.0
59134.8,409,44.0
59136.8,378,40.0
59154.0,347,36.0
57392.4,316,32.0
45294.0,284,28.0
61693.0,253,24.0
67067.8,222,20.0
72427.4,191,16.0
71469.8,160,12.0
60474.8,129,8.0
11845.0,98,4.0
37564.6,66,0.0
88183.4,66,0.0
131552.6,66,0.0
169336.4,66,0.0
201508.2,66,0.0
220439.2,66,0.0
220372.2,66,0.0
176935.4,66,0.0
138195.8,66,0.0
108825.0,66,0.0
117593.6,66,0.0
125346.6,66,0.0
161544.0,66,0.0
216853.2,66,0.0
254066.8,66,0.0
247539.6,66,0.0
242578.0,66,0.0
266062.2,66,0.0
269971.8,66,0.0
247201.6,66,0.0
225159.2,66,0.0
172096.6,66,0.0
124669.0,66,0.0
122901.2,67,0.0
139229.4,67,0.0
186554.2,67,0.0
222468.2,67,0.0
227692.4,67,0.0
234618.8,67,0.0
244858.2,67,0.0
255930.0,67,0.0
228848.2,67,0.0
181209.0,67,0.0
132823.4,67,0.0
88582.8,67,0.0
42823.0,67,8.0
130181.2,68,16.0
170512.4,69,20.0
206323.8,69,24.0
213578.6,69,28.0
206692.0,70,32.0
194642.0,70,36.0
173901.2,71,40.0
157680.2,71,44.0
134692.2,71,48.0
104646.2,72,52.0
41810.8,72,56.0
24779.2,71,48.0
33870.0,71,44.0
43022.6,71,40.0
47447.4,70,36.0
48852.2,70,32.0
45696.4,69,28.0
43191.2,69,24.0
38313.2,69,20.0
40273.4,68,16.0
30362.0,68,12.0
22752.8,67,8.0
17618.4,67,4.0
7916.8,71,0.0
12479.8,74,0.0
18286.2,76,0.0
21864.2,79,0.0
26567.8,81,0.0
31957.2,84,0.0
32953.0,86,0.0
32705.4,89,0.0
32983.8,91,0.0
22861.6,96,0.0
16490.6,99,0.0
11152.2,101,0.0
8682.0,101,0.0
6569.6,99,0.0
9410.6,96,0.0
11308.4,94,0.0
12173.6,92,0.0
11289.2,89,0.0
16228.6,87,0.0
27657.8,84,0.0
42065.4,82,0.0
50189.2,80,0.0
56454.0,77,0.0
57894.4,75,0.0
43918.2,72,0.0
31723.8,70,0.0
25401.8,68,0.0
18508.0,68,0.0
14436.8,68,0.0
19270.0,68,0.0
21868.2,68,0.0
25863.4,68,0.0
32810.8,68,0.0
37823.2,68,0.0
34255.2,68,0.0
29105.2,68,0.0
21696.6,68,0.0
5770.0,69,0.0
6023.6,70,0.0
8953.4,71,0.0
12971.2,71,0.0
16799.6,72,0.0
20652.2,73,0.0
24238.0,74,0.0
24179.6,74,0.0
24804.4,75,0.0
24740.0,76,0.0
19688.4,77,0.0
14289.4,77,0.0
10307.8,78,0.0
7892.6,79,0.0
13348.2,79,0.0
19935.2,79,0.0
25014.4,79,0.0
27515.2,78,0.0
27703.8,78,0.0
27925.4,78,0.0
25240.8,78,0.0
23004.0,78,0.0
20910.6,77,0.0
17235.8,77,0.0
16225.6,77,0.0
17510.2,77,0.0
18253.4,77,0.0
22084.2,77,0.0
20293.0,77,0.0
18605.2,77,0.0
17439.8,77,0.0
18161.4,77,0.0
13258.4,77,0.0
10688.0,77,0.0
10212.8,77,0.0
11607.2,78,0.0
15897.6,79,0.0
21130.6,79,0.0
23414.8,80,0.0
22702.2,80,0.0
22588.0,81,0.0
23498.6,81,0.0
22389.2,82,0.0
22184.6,82,0.0
19043.4,83,0.0
16771.6,83,0.0
14058.8,83,0.0
14540.6,82,0.0
18709.6,82,0.0
19163.6,80,0.0
16234.8,79,0.0
13036.0,79,0.0
9314.4,78,0.0
8161.0,77,0.0
6969.2,76,0.0
5949.8,76,0.0
4903.2,75,0.0
5492.4,75,0.0
6698.0,75,0.0
7308.4,76,0.0
7919.4,77,0.0
7627.0,77,0.0
7769.2,78,0.0
7762.8,78,0.0
8525.8,79,0.0
9680.2,80,0.0
9349.0,80,0.0
8863.4,81,0.0
7861.4,81,0.0
7036.0,81,0.0
6063.2,81,0.0
5375.0,81,0.0
4863.2,80,0.0
4962.6,80,0.0
4482.8,79,0.0
4085.0,79,0.0
4335.2,78,0.0
3998.2,78,0.0
3576.4,77,0.0
3241.6,77,0.0
2877.4,76,0.0
2145.6,76,0.0
2101.2,76,0.0
2596.0,77,0.0
2787.6,78,0.0
3021.2,79,0.0
3099.0,80,0.0
2738.0,81,0.0
2450.0,81,0.0
2650.8,82,0.0
2501.6,83,0.0
1992.6,84,0.0
1626.2,85,0.0
1756.0,86,0.0
1455.4,87,0.0
1808.6,88,0.0
2174.6,89,0.0
2724.0,89,0.0
2573.4,89,0.0
2586.2,89,0.0
2181.6,90,0.0
2083.8,90,0.0
1959.0,90,0.0
2119.4,90,0.0
2165.6,91,0.0
1913.8,91,0.0
1620.6,90,0.0
1800.4,90,0.0
2030.8,89,0.0
2472.4,89,0.0
2897.0,88,0.0
3327.2,87,0.0
3228.2,87,0.0
3192.8,86,0.0
2866.6,86,0.0
2171.6,85,0.0
1486.6,84,0.0
1657.2,84,0.0
6562.8,82,0.0
8551.0,81,0.0
17195.8,80,0.0
35117.6,78,0.0
43331.0,77,0.0
54090.2,76,0.0
59052.2,76,0.0
65256.2,75,0.0
65214.4,74,0.0
54120.8,73,0.0
41369.2,72,0.0
30366.8,71,0.0
30956.0,69,0.0
49348.2,69,0.0
62746.4,68,0.0
77118.8,68,0.0
78495.4,68,0.0
81214.6,68,0.0
77965.6,67,0.0
77909.0,67,0.0
60928.2,67,0.0
45220.0,67,0.0
31620.0,67,0.0
26957.2,66,0.0
41516.2,66,0.0
55150.6,67,0.0
69203.0,67,0.0
82796.6,67,0.0
85085.4,67,0.0
84378.8,67,0.0
76681.0,68,0.0
65431.6,68,0.0
45462.4,68,0.0
31132.6,68,0.0
41765.8,69,0.0
44585.0,69,0.0
58004.8,69,0.0
65783.4,69,0.0
66538.4,69,0.0
69185.6,69,0.0
77513.2,69,0.0
80127.8,69,0.0
66985.4,69,0.0
50762.6,69,0.0
33243.0,69,0.0
17198.8,69,0.0
7514.2,70,0.0
11174.6,70,0.0
14656.2,70,0.0
17326.2,70,0.0
25336.2,70,0.0
45345.8,71,0.0
59424.0,71,0.0
78470.2,71,0.0
74675.8,71,0.0
64110.8,71,0.0
42765.6,71,0.0
34195.0,71,0.0
42474.6,71,0.0
61395.0,71,0.0
78897.8,71,0.0
86939.8,71,0.0
83090.8,71,0.0
81896.6,71,0.0
78910.6,71,0.0
75958.8,71,0.0
61163.4,71,0.0
46580.0,71,0.0
33986.2,71,0.0
27206.8,71,0.0
24360.4,71,0.0
39956.8,72,0.0
55401.8,72,0.0
71792.4,72,0.0
79810.2,72,0.0
76786.4,73,0.0
80363.2,73,0.0
67064.4,73,0.0
49755.0,73,0.0
32582.8,74,0.0
24292.0,74,0.0
7859.8,74,0.0
8756.2,74,0.0
9387.2,73,0.0
11482.6,73,0.0
14109.6,72,0.0
13905.2,72,0.0
12992.4,71,0.0
11895.0,70,0.0
10071.0,70,0.0
11030.8,69,0.0
12397.4,69,0.0
8689.2,68,0.0
9340.4,67,0.0
18642.4,67,0.0
34388.2,67,0.0
53069.2,67,0.0
72763.8,67,0.0
85641.8,67,0.0
94498.6,67,0.0
101109.0,67,0.0
93311.4,67,0.0
72024.4,67,0.0
51983.0,67,0.0
36675.8,67,0.0
10056.8,67,0.0
13337.2,67,0.0
17018.0,67,0.0
17311.6,67,0.0
17691.2,67,0.0
17740.8,68,0.0
17905.4,68,0.0
14626.0,68,0.0
11595.6,68,0.0
8131.2,68,0.0
7451.0,68,0.0
10411.8,69,0.0
13161.2,69,0.0
15728.2,69,0.0
14947.8,69,0.0
13064.8,69,0.0
11989.4,69,0.0
11906.4,69,0.0
13487.4,69,0.0
14982.0,69,0.0
13665.0,69,0.0
11793.2,69,0.0
7993.8,70,0.0
11887.4,70,0.0
16506.0,70,0.0
22139.8,70,0.0
27056.4,70,0.0
31429.8,70,0.0
35948.6,70,0.0
36141.4,70,0.0
39844.0,70,0.0
31305.4,70,0.0
22766.8,70,0.0
22265.4,69,0.0
45083.8,69,0.0
65436.8,69,0.0
78145.2,69,0.0
91116.0,68,0.0
86652.2,68,0.0
84994.0,68,0.0
81473.8,68,0.0
73722.8,68,0.0
61210.8,67,0.0
47823.2,67,0.0
28221.8,67,0.0
34109.4,67,0.0
46565.2,67,0.0
63033.6,67,0.0
77509.8,67,0.0
79874.2,67,0.0
83692.6,67,0.0
81608.8,67,0.0
65996.6,67,0.0
50949.8,67,0.0
44545.8,67,0.0
46254.4,67,0.0
61832.8,68,0.0
75247.6,68,0.0
85708.6,68,0.0
87162.6,69,0.0
84665.0,69,0.0
86655.6,69,0.0
88010.8,70,0.0
69584.8,70,0.0
51063.4,70,0.0
42810.4,71,0.0
40497.2,71,0.0
58512.2,72,0.0
76069.0,72,0.0
86613.0,72,0.0
90560.0,72,0.0
88693.2,72,0.0
86420.4,72,0.0
80112.4,72,0.0
73235.4,72,0.0
55385.0,72,0.0
49802.4,72,0.0
43900.4,71,0.0
47836.8,71,0.0
68923.2,71,0.0
75485.2,71,0.0
75352.4,71,0.0
77293.2,71,0.0
77154.8,70,0.0
73770.8,70,0.0
77323.8,70,0.0
67630.0,70,0.0
50517.6,70,0.0
35179.4,70,0.0
36266.6,70,5.3
54678.2,70,8.0
72549.0,70,10.7
79406.0,70,13.3
74086.8,70,16.0
67475.6,70,18.7
63562.2,70,21.3
58028.2,70,24.0
37905.4,70,29.3
28968.6,70,32.0
16610.8,70,34.7
26800.0,71,34.7
36205.0,71,32.0
51395.4,71,29.3
65174.0,72,24.0
65136.4,72,21.3
67199.2,72,18.7
67750.8,72,16.0
68100.6,73,13.3
69215.0,73,10.7
57126.4,73,8.0
45658.6,73,5.3
36032.8,74,2.7
46259.4,75,0.0
61972.0,76,0.0
73263.6,77,0.0
68089.6,77,0.0
49276.6,78,0.0
29327.8,78,0.0
14803.8,79,0.0
4700.8,80,0.0
4434.6,80,0.0
3731.4,81,0.0
4030.8,82,0.0
5284.2,81,0.0
5218.0,81,0.0
5844.6,81,0.0
5160.8,80,0.0
4355.8,80,0.0
3573.4,79,0.0
3658.0,79,0.0
3301.0,79,0.0
2496.8,78,0.0
1698.6,78,0.0
2393.4,77,0.0
5435.2,80,0.0
6696.0,82,0.0
7788.8,84,0.0
8026.4,86,0.0
7112.8,88,0.0
6712.6,90,0.0
6871.0,91,0.0
7197.4,93,0.0
6504.6,95,0.0
5910.0,97,0.0
2953.6,101,0.0
2114.6,103,0.0
1249.0,101,0.0
1926.8,99,0.0
2991.0,97,0.0
3581.6,96,0.0
4131.8,94,0.0
4674.8,92,0.0
4916.2,90,0.0
5092.2,87,0.0
4894.4,85,0.0
4014.4,83,0.0
3095.2,81,0.0
2729.6,79,0.0
2720.2,78,0.0
3311.6,79,0.0
3697.6,79,0.0
4185.8,80,0.0
5142.6,80,0.0
5911.2,81,0.0
6778.0,81,0.0
6974.8,82,0.0
6204.6,82,0.0
4778.0,82,0.0
3418.0,83,0.0
2832.0,83,0.0
2356.0,84,0.0
2509.2,84,0.0
3680.4,84,0.0
4863.2,84,0.0
5524.8,84,0.0
5943.0,84,0.0
6309.8,84,0.0
6624.6,85,0.0
7245.0,85,0.0
6936.0,85,0.0
5988.6,85,0.0
5041.8,85,0.0
3662.8,85,0.0
2402.2,85,0.0
2823.4,85,0.0
3586.8,85,0.0
3577.6,85,0.0
3088.6,85,0.0
3000.0,85,0.0
2951.4,84,0.0
3118.8,84,0.0
2870.8,84,0.0
2663.8,84,0.0
2050.6,84,0.0
2085.6,84,0.0
2047.2,84,0.0
2268.0,84,0.0
2927.6,84,0.0
3848.4,84,0.0
4825.8,84,0.0
5462.2,84,0.0
5558.6,84,0.0
5828.0,85,0.0
6674.6,85,0.0
6575.8,85,0.0
5254.6,85,0.0
4473.4,85,0.0
3503.2,85,0.0
1929.2,92,0.0
2381.6,98,0.0
2758.0,104,0.0
2889.2,110,0.0
2650.6,116,0.0
2435.4,122,0.0
3068.0,134,0.0
3284.6,140,0.0
3184.2,146,0.0
2600.8,152,0.0
1976.6,158,0.0
1595.2,164,0.0
2001.0,164,0.0
2729.2,157,0.0
3523.0,151,0.0
3999.4,144,0.0
4144.8,138,0.0
5045.0,131,0.0
5994.2,125,0.0
6306.0,118,0.0
5376.8,112,0.0
4634.6,105,0.0
3797.0,99,0.0
2903.6,87,0.0
3960.4,80,0.0
5050.4,81,0.0
5355.8,81,0.0
5486.6,81,0.0
5288.4,81,0.0
5436.4,81,0.0
4998.0,82,0.0
3925.8,82,0.0
2822.2,82,0.0
2675.8,82,0.0
2765.2,83,0.0
3432.8,83,0.0
4180.4,83,0.0
4418.6,83,0.0
4228.0,83,0.0
4258.0,84,0.0
4388.8,84,0.0
4126.8,84,0.0
3073.6,84,0.0
2301.0,84,0.0
2204.6,84,0.0
2743.8,85,0.0
3666.2,85,0.0
4386.0,85,0.0
4063.4,85,0.0
3710.0,85,0.0
3206.6,86,0.0
3499.2,86,0.0
3531.4,86,0.0
2940.2,86,0.0
2513.8,86,0.0
2947.8,87,0.0
3084.2,88,0.0
4077.4,88,0.0
5268.4,89,0.0
5384.8,89,0.0
5268.6,89,0.0
5071.2,90,0.0
4615.8,90,0.0
3882.2,91,0.0
2791.8,91,0.0
2087.6,95,0.0
2001.4,99,0.0
2251.6,106,0.0
3466.0,110,0.0
4571.8,113,0.0
4864.8,117,0.0
4598.0,120,0.0
4191.2,124,0.0
3541.6,127,0.0
3000.6,131,0.0
2586.8,134,0.0
2486.0,133,0.0
3094.0,132,0.0
3260.8,128,0.0
3810.4,124,0.0
4362.6,120,0.0
4523.8,116,0.0
4408.4,111,0.0
4630.0,107,0.0
4024.8,103,0.0
3233.4,99,0.0
2288.6,95,0.0
2365.6,91,0.0
3970.8,83,0.0
5401.4,83,0.0
7156.8,83,0.0
7878.8,83,0.0
7478.8,83,0.0
7559.8,83,0.0
6228.0,83,0.0
5230.0,83,0.0
4405.8,83,0.0
3466.0,83,0.0
4705.0,83,0.0
4840.4,83,0.0
5789.8,83,0.0
7123.2,83,0.0
7158.2,83,0.0
7146.4,83,0.0
7692.8,83,0.0
7608.2,83,0.0
7866.6,83,0.0
7818.6,83,0.0
7193.4,83,0.0
5776.6,83,0.0
4822.6,83,0.0
4784.2,83,0.0
4912.6,82,0.0
6176.8,82,0.0
